<?xml version="1.0" encoding="UTF-8"?>
<beans xmlns="http://www.springframework.org/schema/beans"
	xmlns:xsi="http://www.w3.org/2001/XMLSchema-instance"
	xsi:schemaLocation="http://www.springframework.org/schema/beans http://www.springframework.org/schema/beans/spring-beans.xsd">

	<!-- Root Context: defines shared resources visible to all other web components -->

	<bean id="sqlSessionFactory"
		class="org.mybatis.spring.SqlSessionFactoryBean">
		<property name="dataSource" ref="dataSource" />
		<property name="typeAliasesPackage"
			value="edu.iot.common.model" />
		<!-- 수정이 필요한곳 -->
		<property name="configLocation"
			value="classpath:config/mybatis-config.xml" />
		<property name="mapperLocations">
			<list>
				<value>edu.iot.**.dao</value>
				<value>classpath:mapper/**/*-mapper.xml</value>
			</list>
		</property>
	</bean>

	<bean class="org.mybatis.spring.mapper.MapperScannerConfigurer">
		<property name="basePackage" value="edu.iot.**.dao" />
		<!-- 수정이 필요한곳 -->
	</bean>
</beans>
